{
    "units": {
      "m": 1,
      "cm": 100,
      "in": 39.3701,
      "ft": 3.28084,
      "mm": 1000,
      "yd": 1.09361,
      "km": 0.001
    }
}